{"cameraMode":{"drawMode":0,"name":"Shaded","section":"Shading Mode"},"sceneLighting":true,"audioPlay":false,"sceneViewState":{"m_AlwaysRefresh":false,"showFog":true,"showSkybox":true,"showFlares":true,"showImageEffects":true,"showParticleSystems":true,"showVisualEffectGraphs":true,"m_FxEnabled":true},"in2DMode":false,"pivot":{"x":-0.15970349311828614,"y":1.3082315921783448,"z":0.21205663681030274},"rotation":{"x":0.004388811532407999,"y":0.9904163479804993,"z":0.032388631254434589,"w":-0.1342213898897171},"size":1.855456829071045,"orthographic":false}